index,name,set,rarity,cardNumber,condition,finish,quantity,marketPrice,priceDelta,priceDeltaPercent,trend,imageUrl,imageAlt
1,Sabo (PRB02-014) (SP),Adventure on Kami's Island,SR,PRB02-014,Near Mint,Foil,1,175.7,12.34,7.55,up,https://public.getcollectr.com/public-assets/products/product_685032.jpg?optimizer=image&format=webp&width=1200&quality=80&strip=metadata,Sabo (PRB02-014) (SP) 
2,Cinccino ex,Chaos Rising,Special Illustration Rare,119/086,Near Mint,Holofoil,1,113.75,-89.25,-43.97,down,https://public.getcollectr.com/public-assets/products/product_693465.webp?optimizer=image&format=webp&width=1200&quality=80&strip=metadata,Cinccino ex 
3,Chaos Rising Elite Trainer Box,Chaos Rising,,,,,1,110.66,9.12,8.98,up,https://public.getcollectr.com/public-assets/products/product_684450.png?optimizer=image&format=webp&width=1200&quality=80&strip=metadata,Chaos Rising Elite Trainer Box 
4,Divine Departure (Alternate Art),Carrying On His Will,R,OP13-076,Near Mint,Foil,1,105.61,-0.54,-0.51,down,https://public.getcollectr.com/public-assets/products/product_657341.jpg?optimizer=image&format=webp&width=1200&quality=80&strip=metadata,Divine Departure (Alternate Art) 
5,Lightning Dragon (Alternate Art),Adventure on Kami's Island,R,OP15-077,Near Mint,Foil,1,83.58,-2.66,-3.08,down,https://public.getcollectr.com/public-assets/products/product_685428.jpg?optimizer=image&format=webp&width=1200&quality=80&strip=metadata,Lightning Dragon (Alternate Art) 
6,Vayne - Hunter (Overnumbered),Spiritforged,Showcase,223/221,Near Mint,Foil,1,71.81,-8,-10.02,down,https://public.getcollectr.com/public-assets/products/product_664937.jpg?optimizer=image&format=webp&width=1200&quality=80&strip=metadata,Vayne - Hunter (Overnumbered) 
7,Chaos Rising Booster Bundle,Chaos Rising,,,,,1,59.54,2.68,4.71,up,https://public.getcollectr.com/public-assets/products/product_684456.png?optimizer=image&format=webp&width=1200&quality=80&strip=metadata,Chaos Rising Booster Bundle 
8,Unchecked Power,Origins,Epic,123/298,Near Mint,Foil,1,52.34,-0.6,-1.13,down,https://public.getcollectr.com/public-assets/products/product_652906.jpg?optimizer=image&format=webp&width=1200&quality=80&strip=metadata,Unchecked Power 
9,Elder Dragon (Alternate Art),Unleashed,Showcase,118a/219,Near Mint,Foil,2,44.83,-5.57,-11.05,down,https://public.getcollectr.com/public-assets/products/product_684656.jpg?optimizer=image&format=webp&width=1200&quality=80&strip=metadata,Elder Dragon (Alternate Art) 
10,Froakie,Chaos Rising,Illustration Rare,088/086,Near Mint,Holofoil,3,37.17,-17.82,-32.41,down,https://public.getcollectr.com/public-assets/products/product_693489.webp?optimizer=image&format=webp&width=1200&quality=80&strip=metadata,Froakie 
11,Time Warp,Origins,Epic,122/298,Near Mint,Foil,1,36.26,-7.47,-17.08,down,https://public.getcollectr.com/public-assets/products/product_652905.jpg?optimizer=image&format=webp&width=1200&quality=80&strip=metadata,Time Warp 
12,Xerneas,Chaos Rising,Illustration Rare,091/086,Near Mint,Holofoil,1,30.89,6.05,24.36,up,https://public.getcollectr.com/public-assets/products/product_693564.webp?optimizer=image&format=webp&width=1200&quality=80&strip=metadata,Xerneas 
13,Last Rites,Spiritforged,Epic,150/221,Near Mint,Foil,1,30.78,7.99,35.06,up,https://public.getcollectr.com/public-assets/products/product_665029.png?optimizer=image&format=webp&width=1200&quality=80&strip=metadata,Last Rites 
14,Elder Dragon,Unleashed,Epic,118/219,Near Mint,Foil,1,30.51,-3.68,-10.76,down,https://public.getcollectr.com/public-assets/products/product_685007.jpg?optimizer=image&format=webp&width=1200&quality=80&strip=metadata,Elder Dragon 
15,Special Red Card,Chaos Rising,Ultra Rare,113/086,Near Mint,Holofoil,1,29.23,-0.76,-2.53,down,https://public.getcollectr.com/public-assets/products/product_693548.webp?optimizer=image&format=webp&width=1200&quality=80&strip=metadata,Special Red Card 
16,Donquixote Rosinante - OP12-108 (TR),The Azure Sea's Seven,TR,OP12-108,Near Mint,Foil,1,26.22,-0.41,-1.54,down,https://public.getcollectr.com/public-assets/products/product_670876.jpg?optimizer=image&format=webp&width=1200&quality=80&strip=metadata,Donquixote Rosinante - OP12-108 (TR) 
17,Monkey.D.Luffy (OP15-119),Adventure on Kami's Island,SEC,OP15-119,Near Mint,Foil,1,25.77,0.04,0.16,up,https://public.getcollectr.com/public-assets/products/product_685480.jpg?optimizer=image&format=webp&width=1200&quality=80&strip=metadata,Monkey.D.Luffy (OP15-119) 
18,Thousand-Tailed Watcher,Origins,Rare,116/298,Near Mint,Foil,1,25.29,-4.25,-14.39,down,https://public.getcollectr.com/public-assets/products/product_652898.jpg?optimizer=image&format=webp&width=1200&quality=80&strip=metadata,Thousand-Tailed Watcher 
19,Enel (OP15-118),Adventure on Kami's Island,SEC,OP15-118,Near Mint,Foil,1,21.53,-2.58,-10.7,down,https://public.getcollectr.com/public-assets/products/product_685477.jpg?optimizer=image&format=webp&width=1200&quality=80&strip=metadata,Enel (OP15-118) 
20,Rengar - Trophy Hunter,Unleashed,Epic,120/219,Near Mint,Foil,2,20.59,-1.96,-8.69,down,https://public.getcollectr.com/public-assets/products/product_684215.jpg?optimizer=image&format=webp&width=1200&quality=80&strip=metadata,Rengar - Trophy Hunter 
21,Nico Robin (OP15-109) (Alternate Art),Adventure on Kami's Island,R,OP15-109,Near Mint,Foil,1,19.29,-0.39,-1.98,down,https://public.getcollectr.com/public-assets/products/product_685465.jpg?optimizer=image&format=webp&width=1200&quality=80&strip=metadata,Nico Robin (OP15-109) (Alternate Art) 
22,Borsalino,Adventure on Kami's Island,SR,EB04-058,Near Mint,Foil,1,18.52,1.25,7.24,up,https://public.getcollectr.com/public-assets/products/product_685329.jpg?optimizer=image&format=webp&width=1200&quality=80&strip=metadata,Borsalino 
23,Baron Nashor,Unleashed,Epic,147/219,Near Mint,Foil,1,18.29,-4.54,-19.89,down,https://public.getcollectr.com/public-assets/products/product_683790.jpg?optimizer=image&format=webp&width=1200&quality=80&strip=metadata,Baron Nashor 
24,Roronoa Zoro (EB04-007),Adventure on Kami's Island,SR,EB04-007,Near Mint,Foil,1,16.9,-0.16,-0.94,down,https://public.getcollectr.com/public-assets/products/product_685303.jpg?optimizer=image&format=webp&width=1200&quality=80&strip=metadata,Roronoa Zoro (EB04-007) 
25,Vex - Apathetic,Unleashed,Epic,150/219,Near Mint,Foil,2,14.89,-0.35,-2.3,down,https://public.getcollectr.com/public-assets/products/product_685949.jpg?optimizer=image&format=webp&width=1200&quality=80&strip=metadata,Vex - Apathetic 
26,Doll (Alternate Art),A Fist of Divine Speed,R,OP11-008,Near Mint,Foil,1,14.67,-2.68,-15.45,down,https://public.getcollectr.com/public-assets/products/product_632365.jpg?optimizer=image&format=webp&width=1200&quality=80&strip=metadata,Doll (Alternate Art) 
27,Crobat,Chaos Rising,Illustration Rare,093/086,Near Mint,Holofoil,1,14.4,-9.77,-40.42,down,https://public.getcollectr.com/public-assets/products/product_693471.webp?optimizer=image&format=webp&width=1200&quality=80&strip=metadata,Crobat 
28,Chespin,Chaos Rising,Illustration Rare,087/086,Near Mint,Holofoil,1,13.8,-21.02,-60.37,down,https://public.getcollectr.com/public-assets/products/product_693462.webp?optimizer=image&format=webp&width=1200&quality=80&strip=metadata,Chespin 
29,Trafalgar Law - OP14-009 (Alternate Art),The Azure Sea's Seven,SR,OP14-009,Near Mint,Foil,1,13.57,0.36,2.73,up,https://public.getcollectr.com/public-assets/products/product_668637.jpg?optimizer=image&format=webp&width=1200&quality=80&strip=metadata,Trafalgar Law - OP14-009 (Alternate Art) 
30,Seal of Focus,Origins,Epic,081/298,Near Mint,Foil,1,12.91,0.16,1.25,up,https://public.getcollectr.com/public-assets/products/product_652861.jpg?optimizer=image&format=webp&width=1200&quality=80&strip=metadata,Seal of Focus 
31,Beedrill ex,Chaos Rising,Ultra Rare,098/086,Near Mint,Holofoil,1,12.29,-12.7,-50.82,down,https://public.getcollectr.com/public-assets/products/product_693454.webp?optimizer=image&format=webp&width=1200&quality=80&strip=metadata,Beedrill ex 
32,Bullet Time,Origins,Epic,268/298,Near Mint,Foil,1,11.76,-3,-20.33,down,https://public.getcollectr.com/public-assets/products/product_653066.jpg?optimizer=image&format=webp&width=1200&quality=80&strip=metadata,Bullet Time 
33,Rift Herald,Unleashed,Epic,179/219,Near Mint,Foil,1,9.99,2.66,36.29,up,https://public.getcollectr.com/public-assets/products/product_684546.jpg?optimizer=image&format=webp&width=1200&quality=80&strip=metadata,Rift Herald 
34,Rosa's Encouragement - 114/088,Perfect Order,Ultra Rare,114/088,Near Mint,Holofoil,1,9.04,0.25,2.84,up,https://public.getcollectr.com/public-assets/products/product_684391.jpg?optimizer=image&format=webp&width=1200&quality=80&strip=metadata,Rosa's Encouragement - 114/088 
35,Chaos Rune (Alternate Art),Spiritforged,Showcase,R05a,Near Mint,Foil,2,8.88,1.37,18.24,up,https://public.getcollectr.com/public-assets/products/product_678232.jpg?optimizer=image&format=webp&width=1200&quality=80&strip=metadata,Chaos Rune (Alternate Art) 
36,Sabotage,Origins,Rare,156/298,Near Mint,Foil,3,8.64,1.76,25.58,up,https://public.getcollectr.com/public-assets/products/product_652941.jpg?optimizer=image&format=webp&width=1200&quality=80&strip=metadata,Sabotage 
37,Sliggoo,Chaos Rising,Illustration Rare,095/086,Near Mint,Holofoil,1,8.5,-11.47,-57.44,down,https://public.getcollectr.com/public-assets/products/product_693546.webp?optimizer=image&format=webp&width=1200&quality=80&strip=metadata,Sliggoo 
38,Mind Rune (Alternate Art),Unleashed,Showcase,R03a,Near Mint,Foil,2,8.17,-2.85,-25.86,down,https://public.getcollectr.com/public-assets/products/product_692934.jpg?optimizer=image&format=webp&width=1200&quality=80&strip=metadata,Mind Rune (Alternate Art) 
39,Downwell,Spiritforged,Epic,147/221,Near Mint,Foil,1,8.15,2.33,40.03,up,https://public.getcollectr.com/public-assets/products/product_666477.jpg?optimizer=image&format=webp&width=1200&quality=80&strip=metadata,Downwell 
40,Irelia - Fervent,Spiritforged,Epic,057/221,Near Mint,Foil,1,8.11,2.04,33.61,up,https://public.getcollectr.com/public-assets/products/product_664885.jpg?optimizer=image&format=webp&width=1200&quality=80&strip=metadata,Irelia - Fervent 
41,LeBlanc - Everywhere At Once (Alternate Art),Unleashed,Showcase,090a/219,Near Mint,Foil,1,8.06,-1.72,-17.59,down,https://public.getcollectr.com/public-assets/products/product_684597.jpg?optimizer=image&format=webp&width=1200&quality=80&strip=metadata,LeBlanc - Everywhere At Once (Alternate Art) 
42,Chaos Rune (Alternate Art),Origins,Showcase,166a/298,Near Mint,Foil,1,7.95,1.43,21.93,up,https://public.getcollectr.com/public-assets/products/product_652955.jpg?optimizer=image&format=webp&width=1200&quality=80&strip=metadata,Chaos Rune (Alternate Art) 
43,Claydol,Chaos Rising,Illustration Rare,092/086,Near Mint,Holofoil,1,7.87,-22.12,-73.76,down,https://public.getcollectr.com/public-assets/products/product_693467.webp?optimizer=image&format=webp&width=1200&quality=80&strip=metadata,Claydol 
44,Gecko Moria - OP14-104,The Azure Sea's Seven,SR,OP14-104,Near Mint,Foil,1,7.77,0.16,2.1,up,https://public.getcollectr.com/public-assets/products/product_666574.jpg?optimizer=image&format=webp&width=1200&quality=80&strip=metadata,Gecko Moria - OP14-104 
45,DON!! Card (Luffy) (Gold),Adventure on Kami's Island,,,Near Mint,Foil,1,7.74,-0.66,-7.86,down,https://public.getcollectr.com/public-assets/products/product_686651.png?optimizer=image&format=webp&width=1200&quality=80&strip=metadata,DON!! Card (Luffy) (Gold) 
46,Cinccino ex,Chaos Rising,Ultra Rare,105/086,Near Mint,Holofoil,1,7.63,-7.37,-49.13,down,https://public.getcollectr.com/public-assets/products/product_693464.webp?optimizer=image&format=webp&width=1200&quality=80&strip=metadata,Cinccino ex 
47,Stacked Deck,Riftbound Organized Play Promotional Cards,Uncommon,183/298,Near Mint,Foil,1,7.47,0.67,9.85,up,https://public.getcollectr.com/public-assets/products/product_662906.jpg?optimizer=image&format=webp&width=1200&quality=80&strip=metadata,Stacked Deck 
48,Body Rune (Alternate Art),Unleashed,Showcase,R04a,Near Mint,Foil,3,7.46,-0.99,-11.72,down,https://public.getcollectr.com/public-assets/products/product_692935.jpg?optimizer=image&format=webp&width=1200&quality=80&strip=metadata,Body Rune (Alternate Art) 
49,Zhonya's Hourglass,Origins,Rare,077/298,Near Mint,Foil,1,7.31,0.27,3.84,up,https://public.getcollectr.com/public-assets/products/product_652855.jpg?optimizer=image&format=webp&width=1200&quality=80&strip=metadata,Zhonya's Hourglass 
50,Pyke - Dockside Butcher (Alternate Art),Unleashed,Showcase,028a/219,Near Mint,Foil,1,7.18,-0.61,-7.83,down,https://public.getcollectr.com/public-assets/products/product_685004.jpg?optimizer=image&format=webp&width=1200&quality=80&strip=metadata,Pyke - Dockside Butcher (Alternate Art) 
51,Rowlet,Perfect Order,Illustration Rare,090/088,Near Mint,Holofoil,1,6.96,0.05,0.72,up,https://public.getcollectr.com/public-assets/products/product_684368.jpg?optimizer=image&format=webp&width=1200&quality=80&strip=metadata,Rowlet 
52,Boa Hancock - OP14-112,The Azure Sea's Seven,SR,OP14-112,Near Mint,Foil,1,6.54,0.01,0.15,up,https://public.getcollectr.com/public-assets/products/product_668342.jpg?optimizer=image&format=webp&width=1200&quality=80&strip=metadata,Boa Hancock - OP14-112 
53,Stacked Deck,Origins,Uncommon,183/298,Near Mint,Normal,2,6.43,0.91,16.49,up,https://public.getcollectr.com/public-assets/products/product_652972.jpg?optimizer=image&format=webp&width=1200&quality=80&strip=metadata,Stacked Deck 
54,Rek'Sai - Breacher,Spiritforged,Epic,029/221,Near Mint,Foil,1,6.13,-0.29,-4.52,down,https://public.getcollectr.com/public-assets/products/product_666493.jpg?optimizer=image&format=webp&width=1200&quality=80&strip=metadata,Rek'Sai - Breacher 
55,LeBlanc - Fragmented (Alternate Art),Unleashed,Showcase,172a/219,Near Mint,Foil,1,5.85,-2.41,-29.18,down,https://public.getcollectr.com/public-assets/products/product_685569.jpg?optimizer=image&format=webp&width=1200&quality=80&strip=metadata,LeBlanc - Fragmented (Alternate Art) 
56,Uta (061),Extra Booster: One Piece Heroine's Edition,SEC,EB03-061,Near Mint,Foil,1,5.46,0.61,12.58,up,https://public.getcollectr.com/public-assets/products/product_672815.jpg?optimizer=image&format=webp&width=1200&quality=80&strip=metadata,Uta (061) 
57,Vinsmoke Yonji (OP06-067) (Alternate Art),Premium Booster,R,OP06-067,Near Mint,Foil,1,5.3,0.02,0.38,up,https://public.getcollectr.com/public-assets/products/product_587236.jpg?optimizer=image&format=webp&width=1200&quality=80&strip=metadata,Vinsmoke Yonji (OP06-067) (Alternate Art) 
58,Body Rune (Alternate Art),Origins,Showcase,126a/298,Near Mint,Foil,1,4.89,0.04,0.82,up,https://public.getcollectr.com/public-assets/products/product_652910.jpg?optimizer=image&format=webp&width=1200&quality=80&strip=metadata,Body Rune (Alternate Art) 
59,Jhin - Murderous Artist (Alternate Art),Unleashed,Showcase,022a/219,Near Mint,Foil,1,4.83,1.56,47.71,up,https://public.getcollectr.com/public-assets/products/product_684490.jpg?optimizer=image&format=webp&width=1200&quality=80&strip=metadata,Jhin - Murderous Artist (Alternate Art) 
60,Monet (Parallel),Royal Blood,SR,OP10-016,Near Mint,Foil,1,4.79,0.09,1.91,up,https://public.getcollectr.com/public-assets/products/product_617050.jpg?optimizer=image&format=webp&width=1200&quality=80&strip=metadata,Monet (Parallel) 
61,Meowth ex,Perfect Order,Double Rare,062/088,Near Mint,Holofoil,1,4.69,-0.09,-1.88,down,https://public.getcollectr.com/public-assets/products/product_684340.jpg?optimizer=image&format=webp&width=1200&quality=80&strip=metadata,Meowth ex 
62,Clamperl,Destined Rivals,Illustration Rare,195/182,Near Mint,Holofoil,1,4.67,-0.29,-5.85,down,https://public.getcollectr.com/public-assets/products/product_632995.jpg?optimizer=image&format=webp&width=1200&quality=80&strip=metadata,Clamperl 
63,Hina (Alternate Art),Extra Booster: One Piece Heroine's Edition,R,EB03-025,Near Mint,Foil,1,4.6,0.36,8.49,up,https://public.getcollectr.com/public-assets/products/product_672770.jpg?optimizer=image&format=webp&width=1200&quality=80&strip=metadata,Hina (Alternate Art) 
64,Fennekin,Ninja Spinner,Art Rare,085/083,Near Mint,Holofoil,1,4.56,0.14,3.17,up,https://public.getcollectr.com/public-assets/products/product_683736.jpg?optimizer=image&format=webp&width=1200&quality=80&strip=metadata,Fennekin 
65,Fury Rune (Alternate Art),Spiritforged,Showcase,R01a,Near Mint,Foil,1,4.34,-0.2,-4.41,down,https://public.getcollectr.com/public-assets/products/product_678224.jpg?optimizer=image&format=webp&width=1200&quality=80&strip=metadata,Fury Rune (Alternate Art) 
66,Mamaragan,Adventure on Kami's Island,SR,OP15-078,Near Mint,Foil,2,4.3,0.54,14.36,up,https://public.getcollectr.com/public-assets/products/product_685429.jpg?optimizer=image&format=webp&width=1200&quality=80&strip=metadata,Mamaragan 
67,Mindsplitter,Origins,Rare,192/298,Near Mint,Foil,1,4.17,0.2,5.04,up,https://public.getcollectr.com/public-assets/products/product_652981.jpg?optimizer=image&format=webp&width=1200&quality=80&strip=metadata,Mindsplitter 
68,Tyrunt - 070,Mega Evolution Promos,Promo,070,Near Mint,Holofoil,1,4.13,-0.45,-9.83,down,https://public.getcollectr.com/public-assets/products/product_685562.jpg?optimizer=image&format=webp&width=1200&quality=80&strip=metadata,Tyrunt - 070 
69,Miss Fortune - Captain,Origins,Epic,162/298,Near Mint,Foil,1,4.12,-1.55,-27.34,down,https://public.getcollectr.com/public-assets/products/product_652948.jpg?optimizer=image&format=webp&width=1200&quality=80&strip=metadata,Miss Fortune - Captain 
70,Fiora - Worthy (Alternate Art),Spiritforged,Showcase,180a/221,Near Mint,Foil,1,4.08,0.12,3.03,up,https://public.getcollectr.com/public-assets/products/product_665034.jpg?optimizer=image&format=webp&width=1200&quality=80&strip=metadata,Fiora - Worthy (Alternate Art) 
71,Fizz - Trickster,Spiritforged,Rare,140/221,Near Mint,Foil,1,4.03,1.95,93.75,up,https://public.getcollectr.com/public-assets/products/product_666489.jpg?optimizer=image&format=webp&width=1200&quality=80&strip=metadata,Fizz - Trickster 
72,Nami,Romance Dawn,R,OP01-016,Near Mint,Normal,1,3.83,0,0,flat,https://public.getcollectr.com/public-assets/products/product_454534.jpg?optimizer=image&format=webp&width=1200&quality=80&strip=metadata,Nami 
73,Jinx - Rebel (Alternate Art),Origins,Showcase,202a/298,Near Mint,Foil,1,3.71,-0.39,-9.51,down,https://public.getcollectr.com/public-assets/products/product_652994.jpg?optimizer=image&format=webp&width=1200&quality=80&strip=metadata,Jinx - Rebel (Alternate Art) 
74,Rebecca (OP15-053),Adventure on Kami's Island,SR,OP15-053,Near Mint,Foil,1,3.65,0.44,13.71,up,https://public.getcollectr.com/public-assets/products/product_685399.jpg?optimizer=image&format=webp&width=1200&quality=80&strip=metadata,Rebecca (OP15-053) 
75,Yasuo - Remorseful (Alternate Art),Origins,Showcase,076a/298,Near Mint,Foil,1,3.47,-0.36,-9.4,down,https://public.getcollectr.com/public-assets/products/product_652854.jpg?optimizer=image&format=webp&width=1200&quality=80&strip=metadata,Yasuo - Remorseful (Alternate Art) 
76,Tideturner,Origins,Rare,199/298,Near Mint,Foil,2,3.42,0.05,1.48,up,https://public.getcollectr.com/public-assets/products/product_652990.jpg?optimizer=image&format=webp&width=1200&quality=80&strip=metadata,Tideturner 
77,Lilting Lullaby,Unleashed,Epic,190/219,Near Mint,Foil,3,3.42,-1.51,-30.63,down,https://public.getcollectr.com/public-assets/products/product_684203.jpg?optimizer=image&format=webp&width=1200&quality=80&strip=metadata,Lilting Lullaby 
78,Void Assault,Unleashed,Epic,202/219,Near Mint,Foil,1,3.37,-1.04,-23.58,down,https://public.getcollectr.com/public-assets/products/product_685600.jpg?optimizer=image&format=webp&width=1200&quality=80&strip=metadata,Void Assault 
79,Red Brambleback (Alternate Art),Unleashed,Showcase,029a/219,Near Mint,Foil,1,3.12,0.65,26.32,up,https://public.getcollectr.com/public-assets/products/product_685588.jpg?optimizer=image&format=webp&width=1200&quality=80&strip=metadata,Red Brambleback (Alternate Art) 
80,Franky (JP),Romance Dawn,UC,OP01-021,Near Mint,Normal,1,2.8,0,0,flat,https://public.getcollectr.com/public-assets/products/product_10014291.png?optimizer=image&format=webp&width=1200&quality=80&strip=metadata,Franky (JP)
81,Jhin - Meticulous Killer,Unleashed,Epic,089/219,Near Mint,Foil,1,2.75,-0.22,-7.41,down,https://public.getcollectr.com/public-assets/products/product_684481.jpg?optimizer=image&format=webp&width=1200&quality=80&strip=metadata,Jhin - Meticulous Killer 
82,Alpha Strike,Unleashed,Epic,192/219,Near Mint,Foil,1,2.56,-0.24,-8.57,down,https://public.getcollectr.com/public-assets/products/product_684485.jpg?optimizer=image&format=webp&width=1200&quality=80&strip=metadata,Alpha Strike 
83,Blue Sentinel,Unleashed,Epic,087/219,Near Mint,Foil,1,2.37,0.04,1.72,up,https://public.getcollectr.com/public-assets/products/product_684592.jpg?optimizer=image&format=webp&width=1200&quality=80&strip=metadata,Blue Sentinel 
84,Diana - No Longer Human,Unleashed,Epic,149/219,Near Mint,Foil,1,2.34,-1.33,-36.24,down,https://public.getcollectr.com/public-assets/products/product_684495.jpg?optimizer=image&format=webp&width=1200&quality=80&strip=metadata,Diana - No Longer Human 
85,Silvers Rayleigh (JP),Emperors in the New World,R,OP09-005,Near Mint,Foil,1,2.3,0,0,flat,https://public.getcollectr.com/public-assets/products/product_10018338.png?optimizer=image&format=webp&width=1200&quality=80&strip=metadata,Silvers Rayleigh (JP)
86,Sabo (JP),PRB02 - One Piece Card the Best Vol. 2,UC,OP09-027,Near Mint,Normal,1,2.3,0,0,flat,https://public.getcollectr.com/public-assets/products/product_10029593.png?optimizer=image&format=webp&width=1200&quality=80&strip=metadata,Sabo (JP)
87,Rumble - Scrapper (Alternate Art),Spiritforged,Showcase,089a/221,Near Mint,Foil,1,2.23,-0.06,-2.62,down,https://public.getcollectr.com/public-assets/products/product_666590.jpg?optimizer=image&format=webp&width=1200&quality=80&strip=metadata,Rumble - Scrapper (Alternate Art) 
88,Jinx - Demolitionist (Alternate Art),Origins,Showcase,030a/298,Near Mint,Foil,1,2.23,-0.5,-18.32,down,https://public.getcollectr.com/public-assets/products/product_652803.jpg?optimizer=image&format=webp&width=1200&quality=80&strip=metadata,Jinx - Demolitionist (Alternate Art) 
89,Azir - Sovereign,Spiritforged,Epic,177/221,Near Mint,Foil,1,2.2,-0.14,-5.98,down,https://public.getcollectr.com/public-assets/products/product_666473.jpg?optimizer=image&format=webp&width=1200&quality=80&strip=metadata,Azir - Sovereign 
90,Death from Below,Unleashed,Epic,186/219,Near Mint,Foil,3,2.16,-0.75,-25.77,down,https://public.getcollectr.com/public-assets/products/product_685675.jpg?optimizer=image&format=webp&width=1200&quality=80&strip=metadata,Death from Below 
91,Possession,Origins,Epic,203/298,Near Mint,Foil,1,2.08,-0.44,-17.46,down,https://public.getcollectr.com/public-assets/products/product_652995.jpg?optimizer=image&format=webp&width=1200&quality=80&strip=metadata,Possession 
92,Brynhir Thundersong,Origins,Rare,026/298,Near Mint,Foil,1,1.99,-0.68,-25.47,down,https://public.getcollectr.com/public-assets/products/product_652797.jpg?optimizer=image&format=webp&width=1200&quality=80&strip=metadata,Brynhir Thundersong 
93,Riposte,Spiritforged,Epic,206/221,Near Mint,Foil,2,1.91,-0.03,-1.55,down,https://public.getcollectr.com/public-assets/products/product_666828.jpg?optimizer=image&format=webp&width=1200&quality=80&strip=metadata,Riposte 
94,Alpha Wildclaw,Unleashed,Epic,057/219,Near Mint,Foil,2,1.88,0.39,26.17,up,https://public.getcollectr.com/public-assets/products/product_685945.jpg?optimizer=image&format=webp&width=1200&quality=80&strip=metadata,Alpha Wildclaw 
95,Divine Departure,Carrying On His Will,R,OP13-076,Near Mint,Foil,1,1.83,0.02,1.11,up,https://public.getcollectr.com/public-assets/products/product_657340.jpg?optimizer=image&format=webp&width=1200&quality=80&strip=metadata,Divine Departure 
96,Viktor - Innovator (Alternate Art),Origins,Showcase,117a/298,Near Mint,Foil,1,1.79,-1.25,-41.12,down,https://public.getcollectr.com/public-assets/products/product_653230.jpg?optimizer=image&format=webp&width=1200&quality=80&strip=metadata,Viktor - Innovator (Alternate Art) 
97,Monkey.D.Luffy (OP15-092),Adventure on Kami's Island,R,OP15-092,Near Mint,Foil,1,1.77,0.02,1.14,up,https://public.getcollectr.com/public-assets/products/product_685445.jpg?optimizer=image&format=webp&width=1200&quality=80&strip=metadata,Monkey.D.Luffy (OP15-092) 
98,Void Rush,Spiritforged,Epic,188/221,Near Mint,Foil,1,1.73,-0.15,-7.98,down,https://public.getcollectr.com/public-assets/products/product_664923.jpg?optimizer=image&format=webp&width=1200&quality=80&strip=metadata,Void Rush 
99,Spinning Axe,Spiritforged,Epic,186/221,Near Mint,Foil,1,1.56,-0.46,-22.77,down,https://public.getcollectr.com/public-assets/products/product_663431.jpg?optimizer=image&format=webp&width=1200&quality=80&strip=metadata,Spinning Axe 
100,The Zero Drive,Spiritforged,Epic,090/221,Near Mint,Foil,1,1.55,-0.1,-6.06,down,https://public.getcollectr.com/public-assets/products/product_666592.jpg?optimizer=image&format=webp&width=1200&quality=80&strip=metadata,The Zero Drive 
101,Nocturne - Horrifying,Origins,Rare,194/298,Near Mint,Foil,1,1.41,0.5,54.95,up,https://public.getcollectr.com/public-assets/products/product_652984.jpg?optimizer=image&format=webp&width=1200&quality=80&strip=metadata,Nocturne - Horrifying 
102,Dunebreaker,Spiritforged,Epic,027/221,Near Mint,Foil,2,1.37,-0.02,-1.44,down,https://public.getcollectr.com/public-assets/products/product_666368.jpg?optimizer=image&format=webp&width=1200&quality=80&strip=metadata,Dunebreaker 
103,Brook (OP15-032),Adventure on Kami's Island,SR,OP15-032,Near Mint,Foil,2,1.36,-0.17,-11.11,down,https://public.getcollectr.com/public-assets/products/product_685374.jpg?optimizer=image&format=webp&width=1200&quality=80&strip=metadata,Brook (OP15-032) 
104,Ornn - Blacksmith (Alternate Art),Spiritforged,Showcase,058a/221,Near Mint,Foil,1,1.27,0.13,11.4,up,https://public.getcollectr.com/public-assets/products/product_666415.jpg?optimizer=image&format=webp&width=1200&quality=80&strip=metadata,Ornn - Blacksmith (Alternate Art) 
105,Mega Gallade ex,Chaos Rising,Double Rare,048/086,Near Mint,Holofoil,1,1.24,-13.76,-91.73,down,https://public.getcollectr.com/public-assets/products/product_693514.webp?optimizer=image&format=webp&width=1200&quality=80&strip=metadata,Mega Gallade ex 
106,Mega Pyroar ex,Chaos Rising,Double Rare,015/086,Near Mint,Holofoil,2,1.18,-8.81,-88.19,down,https://public.getcollectr.com/public-assets/products/product_693519.webp?optimizer=image&format=webp&width=1200&quality=80&strip=metadata,Mega Pyroar ex 
107,Guardian Angel,Spiritforged,Rare,051/221,Near Mint,Foil,1,1.17,0.17,17,up,https://public.getcollectr.com/public-assets/products/product_663435.jpg?optimizer=image&format=webp&width=1200&quality=80&strip=metadata,Guardian Angel 
108,Viola,Adventure on Kami's Island,R,OP15-040,Near Mint,Foil,1,1.15,-0.01,-0.86,down,https://public.getcollectr.com/public-assets/products/product_685384.jpg?optimizer=image&format=webp&width=1200&quality=80&strip=metadata,Viola 
109,Curtain Call,Unleashed,Epic,182/219,Near Mint,Foil,2,1.13,-0.42,-27.1,down,https://public.getcollectr.com/public-assets/products/product_684477.jpg?optimizer=image&format=webp&width=1200&quality=80&strip=metadata,Curtain Call 
110,Ekko - Recurrent,Origins,Rare,110/298,Near Mint,Foil,1,1.12,-0.07,-5.88,down,https://public.getcollectr.com/public-assets/products/product_652891.jpg?optimizer=image&format=webp&width=1200&quality=80&strip=metadata,Ekko - Recurrent 
111,Lee Sin - Ascetic,Origins,Epic,078/298,Near Mint,Foil,1,1.05,-0.06,-5.41,down,https://public.getcollectr.com/public-assets/products/product_652856.jpg?optimizer=image&format=webp&width=1200&quality=80&strip=metadata,Lee Sin - Ascetic 
112,Sivir - Mercenary (Alternate Art),Spiritforged,Showcase,143a/221,Near Mint,Foil,1,1.04,0.01,0.97,up,https://public.getcollectr.com/public-assets/products/product_666601.jpg?optimizer=image&format=webp&width=1200&quality=80&strip=metadata,Sivir - Mercenary (Alternate Art) 
113,Wyper,Adventure on Kami's Island,SR,OP15-114,Near Mint,Foil,1,1.04,0.23,28.4,up,https://public.getcollectr.com/public-assets/products/product_685471.jpg?optimizer=image&format=webp&width=1200&quality=80&strip=metadata,Wyper 
114,Inviolus Vox,Unleashed,Epic,027/219,Near Mint,Foil,1,1.03,-0.01,-0.96,down,https://public.getcollectr.com/public-assets/products/product_684510.jpg?optimizer=image&format=webp&width=1200&quality=80&strip=metadata,Inviolus Vox 
115,Lillia - Protector of Dreams,Unleashed,Epic,058/219,Near Mint,Foil,1,1.03,-0.43,-29.45,down,https://public.getcollectr.com/public-assets/products/product_684589.jpg?optimizer=image&format=webp&width=1200&quality=80&strip=metadata,Lillia - Protector of Dreams 
116,Shadow,Unleashed,Epic,194/219,Near Mint,Foil,2,1,-0.26,-20.63,down,https://public.getcollectr.com/public-assets/products/product_685673.jpg?optimizer=image&format=webp&width=1200&quality=80&strip=metadata,Shadow 
117,Bellows Breath,Spiritforged,Rare,080/221,Near Mint,Foil,2,0.97,0.07,7.78,up,https://public.getcollectr.com/public-assets/products/product_665009.jpg?optimizer=image&format=webp&width=1200&quality=80&strip=metadata,Bellows Breath 
118,Hextech Gauntlets,Unleashed,Epic,188/219,Near Mint,Foil,1,0.96,-0.11,-10.28,down,https://public.getcollectr.com/public-assets/products/product_684657.jpg?optimizer=image&format=webp&width=1200&quality=80&strip=metadata,Hextech Gauntlets 
119,Sprite Fountain,Unleashed,Uncommon,078/219,Near Mint,Normal,1,0.95,0.41,75.93,up,https://public.getcollectr.com/public-assets/products/product_685589.jpg?optimizer=image&format=webp&width=1200&quality=80&strip=metadata,Sprite Fountain 
120,Red Brambleback,Unleashed,Epic,029/219,Near Mint,Foil,1,0.91,-0.65,-41.67,down,https://public.getcollectr.com/public-assets/products/product_685516.jpg?optimizer=image&format=webp&width=1200&quality=80&strip=metadata,Red Brambleback 
121,Ferrous Forerunner,Spiritforged,Rare,021/221,Near Mint,Foil,2,0.86,0.18,26.47,up,https://public.getcollectr.com/public-assets/products/product_666364.jpg?optimizer=image&format=webp&width=1200&quality=80&strip=metadata,Ferrous Forerunner 
122,Sanji (OP15-047),Adventure on Kami's Island,R,OP15-047,Near Mint,Foil,1,0.85,-0.09,-9.57,down,https://public.getcollectr.com/public-assets/products/product_685392.jpg?optimizer=image&format=webp&width=1200&quality=80&strip=metadata,Sanji (OP15-047) 
123,Poppy - Defender of the Meek,Unleashed,Epic,178/219,Near Mint,Foil,1,0.85,-0.32,-27.35,down,https://public.getcollectr.com/public-assets/products/product_685597.jpg?optimizer=image&format=webp&width=1200&quality=80&strip=metadata,Poppy - Defender of the Meek 
124,Vex - Cheerless,Spiritforged,Rare,146/221,Near Mint,Foil,1,0.83,-0.11,-11.7,down,https://public.getcollectr.com/public-assets/products/product_665486.jpg?optimizer=image&format=webp&width=1200&quality=80&strip=metadata,Vex - Cheerless 
125,Akshan - Mischievous,Spiritforged,Rare,109/221,Near Mint,Foil,1,0.82,0.04,5.13,up,https://public.getcollectr.com/public-assets/products/product_666888.jpg?optimizer=image&format=webp&width=1200&quality=80&strip=metadata,Akshan - Mischievous 
126,Luminous Energy,Paldea Evolved,Uncommon,191/193,Near Mint,Reverse Holofoil,1,0.78,-0.02,-2.5,down,https://public.getcollectr.com/public-assets/products/product_497564.jpg?optimizer=image&format=webp&width=1200&quality=80&strip=metadata,Luminous Energy 
127,Ashe - Focused,Riftbound Organized Play Promotional Cards,Promo,169/219,Near Mint,Foil,1,0.78,-0.1,-11.36,down,https://public.getcollectr.com/public-assets/products/product_692931.jpg?optimizer=image&format=webp&width=1200&quality=80&strip=metadata,Ashe - Focused 
128,Maximum Belt,Temporal Forces,ACE SPEC Rare,154/162,Near Mint,Holofoil,1,0.75,-0.04,-5.06,down,https://public.getcollectr.com/public-assets/products/product_542670.jpg?optimizer=image&format=webp&width=1200&quality=80&strip=metadata,Maximum Belt 
129,Progress Day,Origins,Rare,114/298,Near Mint,Foil,1,0.75,-0.1,-11.76,down,https://public.getcollectr.com/public-assets/products/product_652896.jpg?optimizer=image&format=webp&width=1200&quality=80&strip=metadata,Progress Day 
130,Draven - Vanquisher (Alternate Art),Spiritforged,Showcase,020a/221,Near Mint,Foil,1,0.7,-0.14,-16.67,down,https://public.getcollectr.com/public-assets/products/product_664884.jpg?optimizer=image&format=webp&width=1200&quality=80&strip=metadata,Draven - Vanquisher (Alternate Art) 
131,Tony Tony.Chopper (OP15-085),Adventure on Kami's Island,R,OP15-085,Near Mint,Foil,1,0.66,-0.12,-15.38,down,https://public.getcollectr.com/public-assets/products/product_685437.jpg?optimizer=image&format=webp&width=1200&quality=80&strip=metadata,Tony Tony.Chopper (OP15-085) 
132,Smoke and Mirrors,Unleashed,Rare,083/219,Near Mint,Foil,3,0.66,-0.31,-31.96,down,https://public.getcollectr.com/public-assets/products/product_685946.jpg?optimizer=image&format=webp&width=1200&quality=80&strip=metadata,Smoke and Mirrors 
133,Yamato,Carrying On His Will,SR,OP13-054,Near Mint,Foil,1,0.65,0.04,6.56,up,https://public.getcollectr.com/public-assets/products/product_657314.jpg?optimizer=image&format=webp&width=1200&quality=80&strip=metadata,Yamato 
134,Vi - Destructive,Origins,Rare,036/298,Near Mint,Foil,1,0.63,-0.02,-3.08,down,https://public.getcollectr.com/public-assets/products/product_652809.jpg?optimizer=image&format=webp&width=1200&quality=80&strip=metadata,Vi - Destructive 
135,Scuttle Crab,Unleashed,Rare,053/219,Near Mint,Foil,1,0.62,0.13,26.53,up,https://public.getcollectr.com/public-assets/products/product_685519.jpg?optimizer=image&format=webp&width=1200&quality=80&strip=metadata,Scuttle Crab 
136,Mega Skarmory ex,Perfect Order,Double Rare,055/088,Near Mint,Holofoil,1,0.62,0.01,1.64,up,https://public.getcollectr.com/public-assets/products/product_684351.jpg?optimizer=image&format=webp&width=1200&quality=80&strip=metadata,Mega Skarmory ex 
137,Nami (006),Extra Booster: One Piece Heroine's Edition,R,EB03-006,Near Mint,Foil,1,0.61,0.02,3.39,up,https://public.getcollectr.com/public-assets/products/product_672746.jpg?optimizer=image&format=webp&width=1200&quality=80&strip=metadata,Nami (006) 
138,Enel (OP15-060),Adventure on Kami's Island,SR,OP15-060,Near Mint,Foil,1,0.6,0,0,flat,https://public.getcollectr.com/public-assets/products/product_685408.jpg?optimizer=image&format=webp&width=1200&quality=80&strip=metadata,Enel (OP15-060) 
139,Fiora - Worthy,Spiritforged,Epic,180/221,Near Mint,Foil,1,0.58,0.13,28.89,up,https://public.getcollectr.com/public-assets/products/product_665033.png?optimizer=image&format=webp&width=1200&quality=80&strip=metadata,Fiora - Worthy 
140,Vi - Hotheaded,Unleashed,Epic,030/219,Near Mint,Foil,1,0.57,-0.06,-9.52,down,https://public.getcollectr.com/public-assets/products/product_684585.jpg?optimizer=image&format=webp&width=1200&quality=80&strip=metadata,Vi - Hotheaded 
141,Leona - Determined,Origins,Rare,238/298,Near Mint,Foil,1,0.53,-0.02,-3.64,down,https://public.getcollectr.com/public-assets/products/product_653032.jpg?optimizer=image&format=webp&width=1200&quality=80&strip=metadata,Leona - Determined 
142,Danger Zone,Spiritforged,Epic,182/221,Near Mint,Foil,1,0.51,-0.02,-3.77,down,https://public.getcollectr.com/public-assets/products/product_664918.jpg?optimizer=image&format=webp&width=1200&quality=80&strip=metadata,Danger Zone 
143,Bone Skewer,Unleashed,Rare,139/219,Near Mint,Foil,1,0.51,-0.14,-21.54,down,https://public.getcollectr.com/public-assets/products/product_685535.jpg?optimizer=image&format=webp&width=1200&quality=80&strip=metadata,Bone Skewer 
144,Toxel - 047/M-P,M-P Promotional Cards,Promo,047/M-P,Near Mint,Normal,1,0.5,0,0,flat,https://public.getcollectr.com/public-assets/products/product_684554.jpg?optimizer=image&format=webp&width=1200&quality=80&strip=metadata,Toxel - 047/M-P 
145,Vayne - Hunter,Origins,Rare,035/298,Near Mint,Foil,1,0.49,0.04,8.89,up,https://public.getcollectr.com/public-assets/products/product_652808.jpg?optimizer=image&format=webp&width=1200&quality=80&strip=metadata,Vayne - Hunter 
146,Hard Bargain,Spiritforged,Uncommon,136/221,Near Mint,Normal,1,0.48,0.06,14.29,up,https://public.getcollectr.com/public-assets/products/product_666501.jpg?optimizer=image&format=webp&width=1200&quality=80&strip=metadata,Hard Bargain 
147,Gutter Palace,Unleashed,Epic,088/219,Near Mint,Foil,1,0.44,-0.09,-16.98,down,https://public.getcollectr.com/public-assets/products/product_684596.jpg?optimizer=image&format=webp&width=1200&quality=80&strip=metadata,Gutter Palace 
148,Volibear - Imposing,Origins,Rare,158/298,Near Mint,Foil,1,0.43,0.1,30.3,up,https://public.getcollectr.com/public-assets/products/product_652943.jpg?optimizer=image&format=webp&width=1200&quality=80&strip=metadata,Volibear - Imposing 
149,Meowscarada,Journey Together,Holo Rare,018/159,Near Mint,Reverse Holofoil,1,0.42,-0.03,-6.67,down,https://public.getcollectr.com/public-assets/products/product_623445.jpg?optimizer=image&format=webp&width=1200&quality=80&strip=metadata,Meowscarada 
150,Nami (OP15-108),Adventure on Kami's Island,R,OP15-108,Near Mint,Foil,1,0.41,0.03,7.89,up,https://public.getcollectr.com/public-assets/products/product_685463.jpg?optimizer=image&format=webp&width=1200&quality=80&strip=metadata,Nami (OP15-108) 
151,Shurelya's Requiem,Spiritforged,Epic,192/221,Near Mint,Foil,1,0.41,0.04,10.81,up,https://public.getcollectr.com/public-assets/products/product_666799.jpg?optimizer=image&format=webp&width=1200&quality=80&strip=metadata,Shurelya's Requiem 
152,Yasuo - Remorseful,Origins,Rare,076/298,Near Mint,Foil,1,0.4,0.02,5.26,up,https://public.getcollectr.com/public-assets/products/product_652853.jpg?optimizer=image&format=webp&width=1200&quality=80&strip=metadata,Yasuo - Remorseful 
153,Switcheroo,Spiritforged,Rare,145/221,Near Mint,Foil,2,0.39,0.03,8.33,up,https://public.getcollectr.com/public-assets/products/product_665023.jpg?optimizer=image&format=webp&width=1200&quality=80&strip=metadata,Switcheroo 
154,Jayce - Man of Progress,Spiritforged,Rare,084/221,Near Mint,Foil,1,0.39,0.03,8.33,up,https://public.getcollectr.com/public-assets/products/product_666454.jpg?optimizer=image&format=webp&width=1200&quality=80&strip=metadata,Jayce - Man of Progress 
155,Gin,Adventure on Kami's Island,SR,OP15-007,Near Mint,Foil,2,0.37,-0.05,-11.9,down,https://public.getcollectr.com/public-assets/products/product_685345.jpg?optimizer=image&format=webp&width=1200&quality=80&strip=metadata,Gin 
156,Monkey.D.Garp,Carrying On His Will,R,OP13-016,Near Mint,Foil,1,0.36,0.02,5.88,up,https://public.getcollectr.com/public-assets/products/product_657270.jpg?optimizer=image&format=webp&width=1200&quality=80&strip=metadata,Monkey.D.Garp 
157,Hibari,Extra Booster: One Piece Heroine's Edition,R,EB03-008,Near Mint,Foil,1,0.35,0.04,12.9,up,https://public.getcollectr.com/public-assets/products/product_672748.jpg?optimizer=image&format=webp&width=1200&quality=80&strip=metadata,Hibari 
158,Sett - The Boss,Origins,Rare,269/298,Near Mint,Foil,1,0.35,0.07,25,up,https://public.getcollectr.com/public-assets/products/product_653067.jpg?optimizer=image&format=webp&width=1200&quality=80&strip=metadata,Sett - The Boss 
159,Kai'Sa - Daughter of the Void,Origins,Rare,247/298,Near Mint,Foil,1,0.35,0.04,12.9,up,https://public.getcollectr.com/public-assets/products/product_653045.jpg?optimizer=image&format=webp&width=1200&quality=80&strip=metadata,Kai'Sa - Daughter of the Void 
160,Distorted Future,Adventure on Kami's Island,R,EB04-008,Near Mint,Foil,1,0.34,0,0,flat,https://public.getcollectr.com/public-assets/products/product_685305.jpg?optimizer=image&format=webp&width=1200&quality=80&strip=metadata,Distorted Future 
161,Piercing Light,Spiritforged,Rare,023/221,Near Mint,Foil,1,0.34,0,0,flat,https://public.getcollectr.com/public-assets/products/product_665012.jpg?optimizer=image&format=webp&width=1200&quality=80&strip=metadata,Piercing Light 
162,Pirates Docking Six,Adventure on Kami's Island,R,OP15-088,Near Mint,Foil,1,0.33,-0.22,-40,down,https://public.getcollectr.com/public-assets/products/product_685441.jpg?optimizer=image&format=webp&width=1200&quality=80&strip=metadata,Pirates Docking Six 
163,Trinity Force,Spiritforged,Rare,115/221,Near Mint,Foil,1,0.32,0.04,14.29,up,https://public.getcollectr.com/public-assets/products/product_663430.jpg?optimizer=image&format=webp&width=1200&quality=80&strip=metadata,Trinity Force 
164,Gourgeist ex,Ninja Spinner,Double Rare,041/083,Near Mint,Holofoil,1,0.32,-0.1,-23.81,down,https://public.getcollectr.com/public-assets/products/product_683692.jpg?optimizer=image&format=webp&width=1200&quality=80&strip=metadata,Gourgeist ex 
165,Rob Lucci,Adventure on Kami's Island,SR,EB04-048,Near Mint,Foil,1,0.31,-0.01,-3.13,down,https://public.getcollectr.com/public-assets/products/product_685317.jpg?optimizer=image&format=webp&width=1200&quality=80&strip=metadata,Rob Lucci 
166,Jewelry Bonney,Extra Booster: One Piece Heroine's Edition,R,EB03-017,Near Mint,Foil,1,0.31,0.01,3.33,up,https://public.getcollectr.com/public-assets/products/product_672759.jpg?optimizer=image&format=webp&width=1200&quality=80&strip=metadata,Jewelry Bonney 
167,King's Edict,Origins,Rare,237/298,Near Mint,Foil,1,0.31,0.03,10.71,up,https://public.getcollectr.com/public-assets/products/product_653031.jpg?optimizer=image&format=webp&width=1200&quality=80&strip=metadata,King's Edict 
168,The Harrowing,Origins,Rare,198/298,Near Mint,Foil,1,0.31,-0.06,-16.22,down,https://public.getcollectr.com/public-assets/products/product_652989.jpg?optimizer=image&format=webp&width=1200&quality=80&strip=metadata,The Harrowing 
169,Xin Zhao - Vigilant,Spiritforged,Rare,176/221,Near Mint,Foil,1,0.3,-0.03,-9.09,down,https://public.getcollectr.com/public-assets/products/product_666483.jpg?optimizer=image&format=webp&width=1200&quality=80&strip=metadata,Xin Zhao - Vigilant 
170,Lucian - Merciless,Spiritforged,Rare,113/221,Near Mint,Foil,2,0.3,0.02,7.14,up,https://public.getcollectr.com/public-assets/products/product_663444.jpg?optimizer=image&format=webp&width=1200&quality=80&strip=metadata,Lucian - Merciless 
171,Denjiro,Romance Dawn,R,OP01-046,Near Mint,Foil,1,0.29,0.02,7.41,up,https://public.getcollectr.com/public-assets/products/product_454570.jpg?optimizer=image&format=webp&width=1200&quality=80&strip=metadata,Denjiro 
172,Miss Fortune - Bounty Hunter,Origins,Rare,267/298,Near Mint,Foil,1,0.29,0.01,3.57,up,https://public.getcollectr.com/public-assets/products/product_653065.jpg?optimizer=image&format=webp&width=1200&quality=80&strip=metadata,Miss Fortune - Bounty Hunter 
173,Ninetales,Surging Sparks,Uncommon,017/191,Near Mint,Reverse Holofoil,1,0.29,0,0,flat,https://public.getcollectr.com/public-assets/products/product_590010.png?optimizer=image&format=webp&width=1200&quality=80&strip=metadata,Ninetales 
174,Bianca's Devotion,Temporal Forces,Uncommon,142/162,Near Mint,Reverse Holofoil,1,0.29,-0.01,-3.33,down,https://public.getcollectr.com/public-assets/products/product_542656.jpg?optimizer=image&format=webp&width=1200&quality=80&strip=metadata,Bianca's Devotion  
175,Viktor - Innovator,Origins,Rare,117/298,Near Mint,Foil,1,0.28,0.01,3.7,up,https://public.getcollectr.com/public-assets/products/product_652899.jpg?optimizer=image&format=webp&width=1200&quality=80&strip=metadata,Viktor - Innovator 
176,Heart of Dark Ice,Spiritforged,Rare,052/221,Near Mint,Foil,2,0.27,0.02,8,up,https://public.getcollectr.com/public-assets/products/product_666847.jpg?optimizer=image&format=webp&width=1200&quality=80&strip=metadata,Heart of Dark Ice 
177,Bartholomew Kuma (EB04-054),Adventure on Kami's Island,R,EB04-054,Near Mint,Foil,1,0.27,-0.03,-10,down,https://public.getcollectr.com/public-assets/products/product_685325.jpg?optimizer=image&format=webp&width=1200&quality=80&strip=metadata,Bartholomew Kuma (EB04-054) 
178,Boa Hancock - EB04-027,The Azure Sea's Seven,R,EB04-027,Near Mint,Foil,1,0.27,-0.03,-10,down,https://public.getcollectr.com/public-assets/products/product_668528.jpg?optimizer=image&format=webp&width=1200&quality=80&strip=metadata,Boa Hancock - EB04-027 
179,Jewelry Bonney (EB04-002),Adventure on Kami's Island,R,EB04-002,Near Mint,Foil,1,0.26,0.03,13.04,up,https://public.getcollectr.com/public-assets/products/product_685297.jpg?optimizer=image&format=webp&width=1200&quality=80&strip=metadata,Jewelry Bonney (EB04-002) 
180,Card Sharp,Spiritforged,Rare,081/221,Near Mint,Foil,2,0.26,0.04,18.18,up,https://public.getcollectr.com/public-assets/products/product_666587.jpg?optimizer=image&format=webp&width=1200&quality=80&strip=metadata,Card Sharp 
181,Lee Sin - Centered,Origins,Rare,151/298,Near Mint,Foil,1,0.26,0.04,18.18,up,https://public.getcollectr.com/public-assets/products/product_652935.jpg?optimizer=image&format=webp&width=1200&quality=80&strip=metadata,Lee Sin - Centered 
182,Ethan's Pichu,Destined Rivals,Common,071/182,Near Mint,Reverse Holofoil,1,0.26,0.01,4,up,https://public.getcollectr.com/public-assets/products/product_630819.jpg?optimizer=image&format=webp&width=1200&quality=80&strip=metadata,Ethan's Pichu 
183,Roronoa Zoro,Carrying On His Will,R,OP13-037,Near Mint,Foil,1,0.25,-0.05,-16.67,down,https://public.getcollectr.com/public-assets/products/product_657295.jpg?optimizer=image&format=webp&width=1200&quality=80&strip=metadata,Roronoa Zoro 
184,Togekiss,Surging Sparks,Rare,072/191,Near Mint,Holofoil,1,0.25,0.06,31.58,up,https://public.getcollectr.com/public-assets/products/product_590078.png?optimizer=image&format=webp&width=1200&quality=80&strip=metadata,Togekiss 
185,Ava Achiever,Origins,Rare,107/298,Near Mint,Foil,1,0.25,-0.02,-7.41,down,https://public.getcollectr.com/public-assets/products/product_652888.jpg?optimizer=image&format=webp&width=1200&quality=80&strip=metadata,Ava Achiever 
186,Renata Glasc - Industrialist,Spiritforged,Rare,171/221,Near Mint,Foil,2,0.24,0.03,14.29,up,https://public.getcollectr.com/public-assets/products/product_665139.jpg?optimizer=image&format=webp&width=1200&quality=80&strip=metadata,Renata Glasc - Industrialist 
187,Desert's Call,Spiritforged,Common,031/221,Near Mint,Foil,1,0.24,0.01,4.35,up,https://public.getcollectr.com/public-assets/products/product_666830.jpg?optimizer=image&format=webp&width=1200&quality=80&strip=metadata,Desert's Call 
188,Tera Orb,Surging Sparks,Uncommon,189/191,Near Mint,Reverse Holofoil,1,0.24,0.01,4.35,up,https://public.getcollectr.com/public-assets/products/product_590076.png?optimizer=image&format=webp&width=1200&quality=80&strip=metadata,Tera Orb 
189,Udyr - Wildman,Origins,Rare,157/298,Near Mint,Foil,1,0.24,-0.03,-11.11,down,https://public.getcollectr.com/public-assets/products/product_652942.jpg?optimizer=image&format=webp&width=1200&quality=80&strip=metadata,Udyr - Wildman 
190,Ezreal - Dashing,Spiritforged,Rare,082/221,Near Mint,Foil,1,0.23,0,0,flat,https://public.getcollectr.com/public-assets/products/product_665487.jpg?optimizer=image&format=webp&width=1200&quality=80&strip=metadata,Ezreal - Dashing 
191,Irelia - Blade Dancer,Spiritforged,Rare,195/221,Near Mint,Foil,2,0.23,0.06,35.29,up,https://public.getcollectr.com/public-assets/products/product_663441.jpg?optimizer=image&format=webp&width=1200&quality=80&strip=metadata,Irelia - Blade Dancer 
192,Undertitan,Spiritforged,Rare,175/221,Near Mint,Foil,2,0.23,0.01,4.55,up,https://public.getcollectr.com/public-assets/products/product_666484.jpg?optimizer=image&format=webp&width=1200&quality=80&strip=metadata,Undertitan 
193,Arlong,Adventure on Kami's Island,R,OP15-023,Near Mint,Foil,1,0.23,-0.03,-11.54,down,https://public.getcollectr.com/public-assets/products/product_685364.jpg?optimizer=image&format=webp&width=1200&quality=80&strip=metadata,Arlong 
194,Convergent Mutation,Origins,Rare,108/298,Near Mint,Foil,1,0.23,0.06,35.29,up,https://public.getcollectr.com/public-assets/products/product_652889.jpg?optimizer=image&format=webp&width=1200&quality=80&strip=metadata,Convergent Mutation 
195,Promising Future,Origins,Rare,115/298,Near Mint,Foil,1,0.23,-0.03,-11.54,down,https://public.getcollectr.com/public-assets/products/product_652897.jpg?optimizer=image&format=webp&width=1200&quality=80&strip=metadata,Promising Future 
196,Honeyfruit,Unleashed,Rare,049/219,Near Mint,Foil,1,0.23,0,0,flat,https://public.getcollectr.com/public-assets/products/product_685658.jpg?optimizer=image&format=webp&width=1200&quality=80&strip=metadata,Honeyfruit 
197,Sterak's Gage,Spiritforged,Rare,056/221,Near Mint,Foil,1,0.22,0.04,22.22,up,https://public.getcollectr.com/public-assets/products/product_663434.jpg?optimizer=image&format=webp&width=1200&quality=80&strip=metadata,Sterak's Gage 
198,Basic Metal Energy - 024,SVE: Scarlet & Violet Energies,Common,024,Near Mint,Reverse Holofoil,1,0.22,-0.04,-15.38,down,https://public.getcollectr.com/public-assets/products/product_645304.jpg?optimizer=image&format=webp&width=1200&quality=80&strip=metadata,Basic Metal Energy - 024 
199,Mr. Mime,Temporal Forces,Common,063/162,Near Mint,Reverse Holofoil,1,0.22,0.02,10,up,https://public.getcollectr.com/public-assets/products/product_542807.jpg?optimizer=image&format=webp&width=1200&quality=80&strip=metadata,Mr. Mime 
200,Minefield,Spiritforged,Uncommon,212/221,Near Mint,Foil,1,0.21,0.01,5,up,https://public.getcollectr.com/public-assets/products/product_666874.jpg?optimizer=image&format=webp&width=1200&quality=80&strip=metadata,Minefield 
201,Long Sword,Spiritforged,Rare,022/221,Near Mint,Foil,2,0.21,0.02,10.53,up,https://public.getcollectr.com/public-assets/products/product_663436.jpg?optimizer=image&format=webp&width=1200&quality=80&strip=metadata,Long Sword 
202,Lightning Dragon,Adventure on Kami's Island,R,OP15-077,Near Mint,Foil,2,0.21,-0.05,-19.23,down,https://public.getcollectr.com/public-assets/products/product_685427.jpg?optimizer=image&format=webp&width=1200&quality=80&strip=metadata,Lightning Dragon 
203,Kha'Zix - Mutating Horror,Unleashed,Rare,143/219,Near Mint,Foil,1,0.21,0.04,23.53,up,https://public.getcollectr.com/public-assets/products/product_685027.jpg?optimizer=image&format=webp&width=1200&quality=80&strip=metadata,Kha'Zix - Mutating Horror 
204,Archeops,White Flare,Rare,051/086,Near Mint,Reverse Holofoil,1,0.21,-0.01,-4.55,down,https://public.getcollectr.com/public-assets/products/product_642163.jpg?optimizer=image&format=webp&width=1200&quality=80&strip=metadata,Archeops 
205,Sivir - Battle Mistress,Spiritforged,Rare,203/221,Near Mint,Foil,1,0.2,-0.05,-20,down,https://public.getcollectr.com/public-assets/products/product_663438.jpg?optimizer=image&format=webp&width=1200&quality=80&strip=metadata,Sivir - Battle Mistress 
206,Draven - Vanquisher,Spiritforged,Rare,020/221,Near Mint,Foil,1,0.2,0.01,5.26,up,https://public.getcollectr.com/public-assets/products/product_663445.jpg?optimizer=image&format=webp&width=1200&quality=80&strip=metadata,Draven - Vanquisher 
207,Isuka,Extra Booster: One Piece Heroine's Edition,R,EB03-022,Near Mint,Foil,1,0.2,0,0,flat,https://public.getcollectr.com/public-assets/products/product_672765.jpg?optimizer=image&format=webp&width=1200&quality=80&strip=metadata,Isuka 
208,Carrot,Extra Booster: One Piece Heroine's Edition,R,EB03-013,Near Mint,Foil,1,0.2,0,0,flat,https://public.getcollectr.com/public-assets/products/product_672754.jpg?optimizer=image&format=webp&width=1200&quality=80&strip=metadata,Carrot 
209,Rebecca,Extra Booster: One Piece Heroine's Edition,R,EB03-048,Near Mint,Foil,1,0.2,0.03,17.65,up,https://public.getcollectr.com/public-assets/products/product_672799.jpg?optimizer=image&format=webp&width=1200&quality=80&strip=metadata,Rebecca 
210,Boa Hancock,Carrying On His Will,R,OP13-051,Near Mint,Foil,1,0.2,-0.01,-4.76,down,https://public.getcollectr.com/public-assets/products/product_657310.jpg?optimizer=image&format=webp&width=1200&quality=80&strip=metadata,Boa Hancock 
211,Bouffalant,Stellar Crown,Rare,119/142,Near Mint,Reverse Holofoil,1,0.2,-0.03,-13.04,down,https://public.getcollectr.com/public-assets/products/product_567345.jpg?optimizer=image&format=webp&width=1200&quality=80&strip=metadata,Bouffalant 
212,Here to Help,Spiritforged,Rare,111/221,Near Mint,Foil,2,0.19,-0.01,-5,down,https://public.getcollectr.com/public-assets/products/product_664888.jpg?optimizer=image&format=webp&width=1200&quality=80&strip=metadata,Here to Help 
213,Gum-Gum Golden Rifle,Adventure on Kami's Island,R,OP15-116,Near Mint,Foil,2,0.19,0.01,5.56,up,https://public.getcollectr.com/public-assets/products/product_685474.jpg?optimizer=image&format=webp&width=1200&quality=80&strip=metadata,Gum-Gum Golden Rifle 
214,Azir - Ascendant,Spiritforged,Rare,050/221,Near Mint,Foil,1,0.19,-0.01,-5,down,https://public.getcollectr.com/public-assets/products/product_666398.jpg?optimizer=image&format=webp&width=1200&quality=80&strip=metadata,Azir - Ascendant 
215,Golisopod,Paradox Rift,Rare,049/182,Near Mint,Reverse Holofoil,1,0.19,0,0,flat,https://public.getcollectr.com/public-assets/products/product_523659.jpg?optimizer=image&format=webp&width=1200&quality=80&strip=metadata,Golisopod 
216,Crocalor,Surging Sparks,Common,030/191,Near Mint,Reverse Holofoil,1,0.19,-0.01,-5,down,https://public.getcollectr.com/public-assets/products/product_589908.png?optimizer=image&format=webp&width=1200&quality=80&strip=metadata,Crocalor 
217,Marguerite,Extra Booster: One Piece Heroine's Edition,R,EB03-027,Near Mint,Foil,1,0.19,0.03,18.75,up,https://public.getcollectr.com/public-assets/products/product_672773.jpg?optimizer=image&format=webp&width=1200&quality=80&strip=metadata,Marguerite 
218,Atakhan,Unleashed,Rare,170/219,Near Mint,Foil,1,0.19,-0.04,-17.39,down,https://public.getcollectr.com/public-assets/products/product_684498.jpg?optimizer=image&format=webp&width=1200&quality=80&strip=metadata,Atakhan 
219,Jax - Unmatched,Spiritforged,Rare,054/221,Near Mint,Foil,2,0.18,0.03,20,up,https://public.getcollectr.com/public-assets/products/product_666402.jpg?optimizer=image&format=webp&width=1200&quality=80&strip=metadata,Jax - Unmatched 
220,Gearhead,Spiritforged,Common,068/221,Near Mint,Foil,1,0.18,0,0,flat,https://public.getcollectr.com/public-assets/products/product_666856.jpg?optimizer=image&format=webp&width=1200&quality=80&strip=metadata,Gearhead 
221,Serrated Dirk,Spiritforged,Common,009/221,Near Mint,Foil,1,0.18,0.01,5.88,up,https://public.getcollectr.com/public-assets/products/product_666800.jpg?optimizer=image&format=webp&width=1200&quality=80&strip=metadata,Serrated Dirk 
222,Azir - Emperor of the Sands,Spiritforged,Rare,197/221,Near Mint,Foil,1,0.18,0.02,12.5,up,https://public.getcollectr.com/public-assets/products/product_663440.jpg?optimizer=image&format=webp&width=1200&quality=80&strip=metadata,Azir - Emperor of the Sands 
223,Hextech Anomaly,Spiritforged,Rare,083/221,Near Mint,Foil,2,0.18,0,0,flat,https://public.getcollectr.com/public-assets/products/product_666588.jpg?optimizer=image&format=webp&width=1200&quality=80&strip=metadata,Hextech Anomaly 
224,Ohm,Adventure on Kami's Island,R,OP15-061,Near Mint,Foil,1,0.18,-0.02,-10,down,https://public.getcollectr.com/public-assets/products/product_685410.jpg?optimizer=image&format=webp&width=1200&quality=80&strip=metadata,Ohm 
225,Monkey.D.Luffy - OP14-34,The Azure Sea's Seven,R,OP14-034,Near Mint,Foil,1,0.18,-0.01,-5.26,down,https://public.getcollectr.com/public-assets/products/product_671375.jpg?optimizer=image&format=webp&width=1200&quality=80&strip=metadata,Monkey.D.Luffy - OP14-34 
226,Aphelios - Exalted,Spiritforged,Rare,049/221,Near Mint,Foil,1,0.18,-0.02,-10,down,https://public.getcollectr.com/public-assets/products/product_665143.jpg?optimizer=image&format=webp&width=1200&quality=80&strip=metadata,Aphelios - Exalted 
227,Master Yi - Tempered,Unleashed,Rare,113/219,Near Mint,Foil,1,0.18,0.02,12.5,up,https://public.getcollectr.com/public-assets/products/product_684600.jpg?optimizer=image&format=webp&width=1200&quality=80&strip=metadata,Master Yi - Tempered 
228,Yone - Blademaster,Spiritforged,Rare,116/221,Near Mint,Foil,2,0.17,-0.06,-26.09,down,https://public.getcollectr.com/public-assets/products/product_664972.jpg?optimizer=image&format=webp&width=1200&quality=80&strip=metadata,Yone - Blademaster 
229,Rek'sai - Void Burrower,Spiritforged,Rare,187/221,Near Mint,Foil,1,0.17,0.01,6.25,up,https://public.getcollectr.com/public-assets/products/product_664922.jpg?optimizer=image&format=webp&width=1200&quality=80&strip=metadata,Rek'sai - Void Burrower 
230,Sivir - Mercenary,Spiritforged,Rare,143/221,Near Mint,Foil,1,0.17,-0.12,-41.38,down,https://public.getcollectr.com/public-assets/products/product_666600.jpg?optimizer=image&format=webp&width=1200&quality=80&strip=metadata,Sivir - Mercenary 
231,Sanji (EB04-052),Adventure on Kami's Island,R,EB04-052,Near Mint,Foil,1,0.17,-0.06,-26.09,down,https://public.getcollectr.com/public-assets/products/product_685322.jpg?optimizer=image&format=webp&width=1200&quality=80&strip=metadata,Sanji (EB04-052) 
232,Smoker & Tashigi,Adventure on Kami's Island,R,EB04-003,Near Mint,Foil,3,0.17,-0.01,-5.56,down,https://public.getcollectr.com/public-assets/products/product_685299.jpg?optimizer=image&format=webp&width=1200&quality=80&strip=metadata,Smoker & Tashigi 
233,Stussy,Extra Booster: One Piece Heroine's Edition,R,EB03-043,Near Mint,Foil,1,0.17,0,0,flat,https://public.getcollectr.com/public-assets/products/product_672793.jpg?optimizer=image&format=webp&width=1200&quality=80&strip=metadata,Stussy 
234,Heatmor,White Flare,Uncommon,019/086,Near Mint,Reverse Holofoil,1,0.17,0,0,flat,https://public.getcollectr.com/public-assets/products/product_642131.jpg?optimizer=image&format=webp&width=1200&quality=80&strip=metadata,Heatmor 
235,Jax - Grandmaster At Arms,Spiritforged,Rare,193/221,Near Mint,Foil,3,0.16,-0.07,-30.43,down,https://public.getcollectr.com/public-assets/products/product_664925.jpg?optimizer=image&format=webp&width=1200&quality=80&strip=metadata,Jax - Grandmaster At Arms 
236,Tony Tony.Chopper (OP15-107),Adventure on Kami's Island,UC,OP15-107,Near Mint,Normal,1,0.16,0.05,45.45,up,https://public.getcollectr.com/public-assets/products/product_685462.jpg?optimizer=image&format=webp&width=1200&quality=80&strip=metadata,Tony Tony.Chopper (OP15-107) 
237,Usopp,Adventure on Kami's Island,R,OP15-024,Near Mint,Foil,1,0.16,-0.03,-15.79,down,https://public.getcollectr.com/public-assets/products/product_685365.jpg?optimizer=image&format=webp&width=1200&quality=80&strip=metadata,Usopp 
238,Black Rope Dragon Twister,Adventure on Kami's Island,R,EB04-059,Near Mint,Foil,1,0.16,0.02,14.29,up,https://public.getcollectr.com/public-assets/products/product_685331.jpg?optimizer=image&format=webp&width=1200&quality=80&strip=metadata,Black Rope Dragon Twister 
239,Gol.D.Roger (003),Carrying On His Will,L,OP13-003,Near Mint,Normal,1,0.16,0.02,14.29,up,https://public.getcollectr.com/public-assets/products/product_657254.jpg?optimizer=image&format=webp&width=1200&quality=80&strip=metadata,Gol.D.Roger (003) 
240,Terapagos,Surging Sparks,Rare,161/191,Near Mint,Holofoil,1,0.16,0.01,6.67,up,https://public.getcollectr.com/public-assets/products/product_590077.png?optimizer=image&format=webp&width=1200&quality=80&strip=metadata,Terapagos 
241,Mistfall,Origins,Rare,152/298,Near Mint,Foil,1,0.16,-0.05,-23.81,down,https://public.getcollectr.com/public-assets/products/product_652937.jpg?optimizer=image&format=webp&width=1200&quality=80&strip=metadata,Mistfall 
242,Arlong,The Azure Sea's Seven,R,OP14-042,Near Mint,Foil,1,0.15,0.04,36.36,up,https://public.getcollectr.com/public-assets/products/product_671381.jpg?optimizer=image&format=webp&width=1200&quality=80&strip=metadata,Arlong 
243,Vista,Carrying On His Will,R,OP13-046,Near Mint,Foil,1,0.15,0,0,flat,https://public.getcollectr.com/public-assets/products/product_657305.jpg?optimizer=image&format=webp&width=1200&quality=80&strip=metadata,Vista 
244,Conscription,Unleashed,Rare,140/219,Near Mint,Foil,1,0.15,0.04,36.36,up,https://public.getcollectr.com/public-assets/products/product_686331.jpg?optimizer=image&format=webp&width=1200&quality=80&strip=metadata,Conscription 
245,Spewpa,Surging Sparks,Common,006/191,Near Mint,Reverse Holofoil,1,0.15,0.02,15.38,up,https://public.getcollectr.com/public-assets/products/product_590061.png?optimizer=image&format=webp&width=1200&quality=80&strip=metadata,Spewpa 
246,Bard - Mercurial,Spiritforged,Rare,079/221,Near Mint,Foil,1,0.14,0.01,7.69,up,https://public.getcollectr.com/public-assets/products/product_666442.jpg?optimizer=image&format=webp&width=1200&quality=80&strip=metadata,Bard - Mercurial 
247,Altar of Memories,Spiritforged,Rare,169/221,Near Mint,Foil,2,0.14,0,0,flat,https://public.getcollectr.com/public-assets/products/product_664966.jpg?optimizer=image&format=webp&width=1200&quality=80&strip=metadata,Altar of Memories 
248,Sacred Shears,Spiritforged,Rare,172/221,Near Mint,Foil,2,0.14,-0.03,-17.65,down,https://public.getcollectr.com/public-assets/products/product_666487.jpg?optimizer=image&format=webp&width=1200&quality=80&strip=metadata,Sacred Shears 
249,Rek'Sai - Swarm Queen,Spiritforged,Rare,170/221,Near Mint,Foil,1,0.14,-0.03,-17.65,down,https://public.getcollectr.com/public-assets/products/product_665031.png?optimizer=image&format=webp&width=1200&quality=80&strip=metadata,Rek'Sai - Swarm Queen 
250,Renata Glasc - Chem-Baroness,Spiritforged,Rare,201/221,Near Mint,Foil,1,0.14,-0.03,-17.65,down,https://public.getcollectr.com/public-assets/products/product_663439.jpg?optimizer=image&format=webp&width=1200&quality=80&strip=metadata,Renata Glasc - Chem-Baroness 
251,Rell - Magnetic,Spiritforged,Rare,024/221,Near Mint,Foil,1,0.14,0.03,27.27,up,https://public.getcollectr.com/public-assets/products/product_665013.jpg?optimizer=image&format=webp&width=1200&quality=80&strip=metadata,Rell - Magnetic 
252,Ornn - Fire Below the Mountain,Spiritforged,Rare,189/221,Near Mint,Foil,1,0.14,-0.01,-6.67,down,https://public.getcollectr.com/public-assets/products/product_664924.jpg?optimizer=image&format=webp&width=1200&quality=80&strip=metadata,Ornn - Fire Below the Mountain 
253,Ever White,The Azure Sea's Seven,R,OP14-076,Near Mint,Foil,1,0.14,0,0,flat,https://public.getcollectr.com/public-assets/products/product_671411.jpg?optimizer=image&format=webp&width=1200&quality=80&strip=metadata,Ever White 
254,Ulti,Extra Booster: One Piece Heroine's Edition,R,EB03-039,Near Mint,Foil,1,0.14,0.05,55.56,up,https://public.getcollectr.com/public-assets/products/product_672787.jpg?optimizer=image&format=webp&width=1200&quality=80&strip=metadata,Ulti 
255,Lim,Extra Booster: One Piece Heroine's Edition,R,EB03-037,Near Mint,Foil,1,0.14,0,0,flat,https://public.getcollectr.com/public-assets/products/product_672785.jpg?optimizer=image&format=webp&width=1200&quality=80&strip=metadata,Lim 
256,Otama,Extra Booster: One Piece Heroine's Edition,R,EB03-012,Near Mint,Foil,1,0.14,0,0,flat,https://public.getcollectr.com/public-assets/products/product_672753.jpg?optimizer=image&format=webp&width=1200&quality=80&strip=metadata,Otama 
257,Diana - Scorn of the Moon,Unleashed,Rare,197/219,Near Mint,Foil,1,0.14,-0.01,-6.67,down,https://public.getcollectr.com/public-assets/products/product_684103.jpg?optimizer=image&format=webp&width=1200&quality=80&strip=metadata,Diana - Scorn of the Moon 
258,Lillia - Bashful Bloom,Unleashed,Rare,189/219,Near Mint,Foil,1,0.14,-0.01,-6.67,down,https://public.getcollectr.com/public-assets/products/product_684102.jpg?optimizer=image&format=webp&width=1200&quality=80&strip=metadata,Lillia - Bashful Bloom 
259,World Atlas,Spiritforged,Rare,086/221,Near Mint,Foil,2,0.13,-0.03,-18.75,down,https://public.getcollectr.com/public-assets/products/product_664963.jpg?optimizer=image&format=webp&width=1200&quality=80&strip=metadata,World Atlas 
260,Kuro,Adventure on Kami's Island,R,OP15-025,Near Mint,Foil,1,0.13,-0.07,-35,down,https://public.getcollectr.com/public-assets/products/product_685366.jpg?optimizer=image&format=webp&width=1200&quality=80&strip=metadata,Kuro 
261,Fiora - Grand Duelist,Spiritforged,Rare,205/221,Near Mint,Foil,1,0.13,0,0,flat,https://public.getcollectr.com/public-assets/products/product_664928.jpg?optimizer=image&format=webp&width=1200&quality=80&strip=metadata,Fiora - Grand Duelist 
262,Draven - Glorious Executioner,Spiritforged,Rare,185/221,Near Mint,Foil,1,0.13,0,0,flat,https://public.getcollectr.com/public-assets/products/product_663442.jpg?optimizer=image&format=webp&width=1200&quality=80&strip=metadata,Draven - Glorious Executioner 
263,Zoroark,White Flare,Rare,062/086,Near Mint,Holofoil,1,0.13,-0.02,-13.33,down,https://public.getcollectr.com/public-assets/products/product_642174.jpg?optimizer=image&format=webp&width=1200&quality=80&strip=metadata,Zoroark 
264,Electabuzz,Temporal Forces,Common,053/162,Near Mint,Reverse Holofoil,1,0.13,0.01,8.33,up,https://public.getcollectr.com/public-assets/products/product_542797.jpg?optimizer=image&format=webp&width=1200&quality=80&strip=metadata,Electabuzz 
265,Kyoshirou,Romance Dawn,UC,OP01-095,Near Mint,Normal,1,0.11,0,0,flat,https://public.getcollectr.com/public-assets/products/product_454628.jpg?optimizer=image&format=webp&width=1200&quality=80&strip=metadata,Kyoshirou 
266,Kyros,Adventure on Kami's Island,R,OP15-042,Near Mint,Foil,1,0.11,-0.04,-26.67,down,https://public.getcollectr.com/public-assets/products/product_685386.jpg?optimizer=image&format=webp&width=1200&quality=80&strip=metadata,Kyros 
267,Rebecca (OP15-039),Adventure on Kami's Island,L,OP15-039,Near Mint,Normal,1,0.1,0,0,flat,https://public.getcollectr.com/public-assets/products/product_685382.jpg?optimizer=image&format=webp&width=1200&quality=80&strip=metadata,Rebecca (OP15-039) 
268,Brambleghast,Temporal Forces,Rare,021/162,Near Mint,Holofoil,1,0.1,0.01,11.11,up,https://public.getcollectr.com/public-assets/products/product_542765.jpg?optimizer=image&format=webp&width=1200&quality=80&strip=metadata,Brambleghast 
269,Magcargo,Temporal Forces,Rare,029/162,Near Mint,Holofoil,1,0.1,-0.02,-16.67,down,https://public.getcollectr.com/public-assets/products/product_542773.jpg?optimizer=image&format=webp&width=1200&quality=80&strip=metadata,Magcargo 
270,Albus Ferros,Origins,Rare,230/298,Near Mint,Foil,1,0.09,-0.02,-18.18,down,https://public.getcollectr.com/public-assets/products/product_653024.jpg?optimizer=image&format=webp&width=1200&quality=80&strip=metadata,Albus Ferros 
271,Miss Doublefinger(Zala),Romance Dawn,C,OP01-080,Near Mint,Normal,1,0.08,0,0,flat,https://public.getcollectr.com/public-assets/products/product_454611.jpg?optimizer=image&format=webp&width=1200&quality=80&strip=metadata,Miss Doublefinger(Zala) 
272,Mocha,Romance Dawn,C,OP01-081,Near Mint,Normal,1,0.08,0.01,14.29,up,https://public.getcollectr.com/public-assets/products/product_454612.jpg?optimizer=image&format=webp&width=1200&quality=80&strip=metadata,Mocha 
273,Fukurokuju,Romance Dawn,C,OP01-110,Near Mint,Normal,1,0.07,0,0,flat,https://public.getcollectr.com/public-assets/products/product_454645.jpg?optimizer=image&format=webp&width=1200&quality=80&strip=metadata,Fukurokuju 
274,Jae Medarda,Spiritforged,Rare,142/221,Near Mint,Foil,1,0.07,-0.06,-46.15,down,https://public.getcollectr.com/public-assets/products/product_666488.jpg?optimizer=image&format=webp&width=1200&quality=80&strip=metadata,Jae Medarda 
275,Delphox - 013/086 (Chaos Rising Stamped),Miscellaneous Cards & Products,Rare,013/086,Near Mint,Holofoil,1,0,0,0,flat,https://public.getcollectr.com/public-assets/products/product_694677.jpg?optimizer=image&format=webp&width=1200&quality=80&strip=metadata,Delphox - 013/086 (Chaos Rising Stamped) 
